OBJECTID,ID,ADDRESS,TERMINAL_NUMBER,LATITUDE,LONGITUDE,INSTALLED,LOCKED,INSTALL_DATE,REMOVAL_DATE,TEMPORARY_INSTALL,NUMBER_OF_BIKES,NUMBER_OF_EMPTY_DOCKS,X,Y,SE_ANNO_CAD_DATA
187307481,263,Norfolk Ave & Fairmont St,32000,38.988562,-77.096539,YES,NO,,,NO,7,4,391636.2322,146740.8977,
187307482,264,E Montgomery Ave & Maryland Ave,32007,39.084125,-77.151291,YES,NO,,,NO,6,9,386910.3144,157355.8713,
187307483,265,Cordell & Norfolk Ave,32008,38.98954,-77.098029,YES,NO,,,NO,5,6,391507.261,146849.6029,
187307484,266,Frederick Ave & Horners Ln,32009,39.094772,-77.145213,YES,NO,,,NO,7,4,387438.0622,158536.9647,
187307485,267,Philadelphia & Maple Ave,32010,38.98128,-77.011336,YES,NO,,,NO,7,8,399017.792,145928.1627,
187307486,268,Maple & Ritchie Ave,32011,38.983627,-77.006311,YES,NO,,,NO,10,9,399453.2013,146188.6606,
187307487,269,Silver Spring Metro/Colesville Rd & Wayne Ave,32012,38.99521,-77.02918,YES,NO,,,NO,4,15,397472.1925,147474.8737,
187307488,270,Montgomery & East Ln,32013,38.983525,-77.095367,YES,NO,,,NO,3,8,391737.1856,146181.6346,
187307489,271,Friendship Hts Metro/Wisconsin Ave & Wisconsin Cir,32014,38.961763,-77.085998,YES,NO,,,NO,7,12,392546.6611,143765.0395,
187307490,272,14th & Belmont St NW,31119,38.921074,-77.031887,YES,NO,,,NO,6,9,397234.8156,139245.1718,
187307491,273,3rd & Tingey St SE,31634,38.87501,-77.0024,YES,NO,,,NO,14,5,399791.7418,134131.22,
187307492,274,10th & Florida Ave NW,31120,38.920387,-77.025672,YES,NO,,,NO,11,6,397773.748,139168.7391,
187307493,275,Potomac Ave & 8th St SE,31635,38.876737,-76.994468,YES,NO,,,NO,4,11,400480.0235,134322.9419,
187307494,276,Crabbs Branch Way & Redland Rd,32015,39.120045,-77.156985,YES,NO,,,NO,12,3,386424.5277,161344.2744,
187307495,277,Fallsgrove Dr & W Montgomery Ave,32016,39.099376,-77.188014,YES,NO,,,NO,8,7,383736.5343,159054.8233,
187307496,278,Monroe St & Monroe Pl,32017,39.083673,-77.149162,YES,NO,,,NO,11,4,387094.4331,157305.3907,
187307497,279,Needwood Rd & Eagles Head Ct,32018,39.123513,-77.15741,YES,NO,,,NO,9,6,386388.4392,161729.3311,
187307498,280,East West Hwy & Blair Mill Rd,32019,38.990249,-77.02935,YES,NO,,,NO,1,14,397457.2886,146924.1578,
187307499,281,Crabbs Branch Way & Calhoun Pl,32020,39.107709,-77.152072,YES,NO,,,NO,8,7,386847.1038,159974.1002,
187307500,282,47th & Elm St,32021,38.982456,-77.091991,YES,NO,,,NO,5,9,392029.5703,146062.6651,
187307501,283,Dennis & Amherst Ave,32022,39.025387,-77.044563,YES,NO,,,NO,8,7,396141.228,150825.3728,
187307502,284,Montgomery College/W Campus Dr & Mannakee St,32023,39.095661,-77.159048,YES,NO,,,NO,9,12,386241.4112,158637.6492,
187307503,285,Fenton St & Gist Ave,32024,38.989724,-77.023854,YES,NO,,,NO,3,8,397933.4145,146865.7388,
187307504,286,Carroll & Westmoreland Ave,32025,38.975,-77.01121,YES,NO,,,NO,7,7,399028.6236,145231.0206,
187307505,287,Carroll & Ethan Allen Ave,32026,38.977933,-77.006472,YES,NO,,,NO,6,9,399439.207,145556.5721,
187307506,288,Battery Ln & Trolley Trail,32027,38.992375,-77.100104,YES,NO,,,NO,6,9,391327.8386,147164.511,
187307507,289,Norfolk & Rugby Ave,32028,38.990639,-77.100239,YES,NO,,,NO,7,4,391315.9317,146971.8107,
187307508,290,Offutt Ln & Chevy Chase Dr,32029,38.977093,-77.094589,YES,NO,,,NO,7,4,391803.8535,145467.5504,
187307509,291,Broschart & Blackwell Rd,32030,39.102099,-77.200322,YES,NO,,,NO,7,8,382672.5406,159359.3747,
187307510,292,Taft St & E Gude Dr,32031,39.094103,-77.132954,YES,NO,,,NO,10,5,388498.4423,158461.0817,
187307511,293,Fleet St & Ritchie Pkwy,32032,39.076331,-77.141378,YES,NO,,,NO,10,5,387766.6457,156489.2688,
187307512,294,Piccard & W Gude Dr,32033,39.102212,-77.177091,YES,NO,,,NO,9,10,384681.9981,159367.7653,
187307513,295,Ripley & Bonifant St,32034,38.992679,-77.029457,YES,NO,,,NO,4,11,397448.1058,147193.915,
187307514,296,Georgia Ave & Spring St,32035,38.999388,-77.031555,YES,NO,,,NO,4,7,397266.6111,147938.7423,
187307515,297,Fenton St & Ellsworth Dr,32036,38.997033,-77.025608,YES,NO,,,NO,11,4,397781.6847,147677.1522,
187307516,298,King Farm Blvd & Pleasant Dr,32037,39.114688,-77.171487,YES,NO,,,NO,11,7,385169.3335,160751.8343,
187307517,299,King Farm Blvd & Piccard Dr,32038,39.110314,-77.182669,YES,NO,,,NO,8,7,384201.3131,160268.1402,
187307518,301,Calvert St & Woodley Pl NW,31121,38.923583,-77.050046,YES,NO,,,NO,6,13,395660.2519,139524.3987,
187307519,302,New Jersey Ave & N St NW/Dunbar HS,31636,38.90706,-77.015231,YES,NO,,,NO,2,17,398678.935,137689.1288,
187307520,303,Nannie Helen Burroughs Ave & 49th St NE,31710,38.898536,-76.931862,YES,NO,,,NO,5,6,405910.6742,136744.9916,
187307521,304,Deanwood Rec Center,31711,38.908473,-76.933099,YES,NO,,,NO,5,10,405802.5615,137847.9993,
187307522,305,Hains Point/Buckeye & Ohio Dr SW,31273,38.878433,-77.03023,YES,NO,,,NO,11,6,397376.9402,134511.6305,
187307523,306,Arlington Blvd & Fillmore St,31070,38.873755,-77.089233,YES,NO,,,NO,3,7,392256.7382,133995.6873,
187307524,307,Long Bridge Park/Long Bridge Dr & 6th St S,31071,38.86646,-77.04826,YES,NO,,,NO,6,5,395811.773,133183.2107,
187307525,308,Old Georgetown Rd & Southwick St,32039,38.999634,-77.109647,YES,NO,,,NO,9,10,390502.0823,147971.2824,
187307526,309,Friendship Blvd & Willard Ave,32040,38.96115,-77.088659,YES,NO,,,NO,4,15,392315.9696,143697.2115,
187307527,310,North Capitol St & G Pl NE,31637,38.899703,-77.008911,YES,NO,,,NO,4,14,399227.0222,136872.3698,
187307528,311,31st & Woodrow St S,31072,38.837666,-77.09482,YES,NO,,,NO,3,8,391767.761,129990.0404,
187307529,312,Washington Blvd & Walter Reed Dr,31073,38.873219,-77.082104,YES,NO,,,NO,9,6,392875.3089,133935.6068,
187307530,313,TJ Cmty Ctr / 2nd St & S Old Glebe Rd,31074,38.869418,-77.095596,YES,NO,,,NO,8,7,391704.08,133514.8072,
187307531,314,Connecticut Ave & Tilden St NW,31313,38.941154,-77.062036,YES,NO,,,NO,11,4,394621.8626,141475.57,
187307532,315,Medical Center Dr & Key West Ave,32041,39.103091,-77.196442,YES,NO,,,NO,7,8,383008.3894,159468.7697,
187307533,316,Shady Grove Hospital,32042,39.097636,-77.196636,YES,NO,,,NO,9,10,382990.3046,158863.2331,
187307534,317,Veterans Pl & Pershing Dr,32043,38.997445,-77.023894,YES,NO,,,NO,9,2,397930.1735,147722.8481,
187307535,318,Rockville Metro East,32044,39.085394,-77.145803,YES,NO,,,NO,10,3,387385.3603,157495.9731,
187307536,319,1st & H St NW,31638,38.900358,-77.012108,YES,NO,,,NO,8,7,398949.7106,136945.112,
187307537,320,Fort Totten Metro,31515,38.952369,-77.002721,YES,NO,,,NO,7,12,399764.1432,142718.7119,
187307538,321,Takoma Metro,31408,38.975219,-77.016855,YES,NO,,,NO,8,11,398539.4739,145255.4069,
187307539,322,Rhode Island Ave Metro,31516,38.920682,-76.995876,YES,NO,,,NO,7,12,400357.628,139201.1816,
187307540,323,Rolfe St & 9th St S,31075,38.866471,-77.076131,YES,NO,,,NO,4,7,393392.9996,133186.0797,
187307541,324,Shirlington Transit Center / S Quincy & Randolph St,31076,38.839912,-77.087083,YES,NO,,,NO,10,5,392439.7222,130238.6925,
187307542,325,Shady Grove Metro West,32045,39.119765,-77.166093,YES,NO,,,NO,5,14,385636.8464,161314.5845,
187307543,326,River Rd & Landy Ln,32046,38.964992,-77.103381,YES,NO,,,NO,5,13,391040.5048,144125.0512,
187307544,327,Rockville Metro West,32047,39.084379,-77.146866,YES,NO,,,NO,6,13,387293.2101,157383.4432,
187307545,328,Bethesda Metro,32048,38.984691,-77.094537,YES,NO,,,NO,8,4,391809.2327,146310.9972,
187307546,329,Iwo Jima Memorial/N Meade & 14th St N,31077,38.88992,-77.071301,YES,NO,,,NO,8,10,393814.2024,135788.7574,
187307547,330,34th & Water St NW,31314,38.903663,-77.067668,YES,NO,,,NO,1,17,394130.5181,137314.0994,
187307548,331,Duke St & John Carlyle St,31081,38.804378,-77.060866,YES,NO,,,NO,5,10,394713.171,126292.3414,
187307549,332,Lee Hwy & N Cleveland St,31079,38.894941,-77.09169,YES,NO,,,NO,7,8,392045.8923,136347.7067,
187307550,333,Arlington Blvd & S George Mason Dr/NFATC,31078,38.869442,-77.104503,YES,NO,,,NO,9,6,390931.1247,133518.3185,
187307551,334,10th & G St NW,31274,38.898243,-77.026235,YES,NO,,,NO,11,12,397724.2187,136710.5874,
187307552,335,Lee Hwy & N Scott St,31080,38.897612,-77.080851,YES,NO,,,NO,5,10,392986.4379,136643.3202,
187307553,336,New Hampshire Ave & 24th St NW,31275,38.901755,-77.051084,YES,NO,,,NO,2,17,395568.8857,137101.3604,
187307554,337,Eisenhower Ave & Mill Race Ln,31082,38.801111,-77.068952,YES,NO,,,NO,3,12,394010.5462,125930.1835,
187307555,338,Potomac Greens Dr & Slaters Ln,31083,38.82175,-77.047494,YES,NO,,,NO,5,5,395875.6679,128220.0553,
187307556,339,Ballenger Ave & Dulaney St,31084,38.802677,-77.063562,YES,NO,,,NO,5,14,394478.8647,126103.6794,
187307557,340,Mount Vernon Ave & E Nelson Ave,31085,38.820064,-77.057619,YES,NO,,,NO,6,5,394996.3049,128033.4045,
187307558,341,Mount Vernon Ave & E Del Ray Ave,31086,38.82595,-77.058541,YES,NO,,,NO,13,2,394916.6564,128686.84,
187307559,342,Monroe Ave & Leslie Ave,31087,38.820932,-77.053096,YES,NO,,,NO,7,8,395389.143,128129.5199,
187307560,343,Mount Vernon Ave & Kennedy St,31088,38.833077,-77.059821,YES,NO,,,NO,7,8,394806.0275,129478.0567,
187307561,344,Court House Metro / 15th & N Uhle St,31089,38.890612,-77.084801,YES,NO,,,NO,9,12,392643.0665,135866.5762,
187307562,345,Washington Adventist U / Flower Ave & Division St,32049,38.986743,-77.000035,YES,NO,,,NO,6,9,399996.9677,146534.5483,
187307563,346,6th & S Ball St,31090,38.864702,-77.048672,YES,NO,,,NO,4,11,395775.9137,132988.0787,
187307564,347,McKinley St & Connecticut Ave NW,31315,38.96497,-77.075946,YES,NO,,,NO,1,17,393418.1513,144120.2736,
187307565,348,15th & L St NW,31276,38.90366,-77.034846,YES,NO,,,NO,4,19,396977.4784,137312.1678,
187307566,349,17th & G St NW,31277,38.89841,-77.039624,YES,NO,,,NO,13,18,396562.7846,136729.5447,
187307567,350,Spring St & Second Ave,32050,38.997653,-77.034499,YES,NO,,,NO,5,10,397011.5202,147746.232,
187307568,351,18th & R St NW,31278,38.912648,-77.041834,YES,NO,,,NO,7,12,396371.8007,138310.1638,
187307569,352,S Joyce & 16th St S,31091,38.859254,-77.063275,YES,NO,,,NO,3,12,394508.1473,132384.0883,
187307570,353,Union Market/6th St & Neal Pl NE,31517,38.908008,-76.996985,YES,NO,,,NO,20,2,400261.5034,137794.2586,
187307571,354,Lee Hwy & N Monroe St,31092,38.896456,-77.104562,YES,NO,,,NO,7,8,390929.4394,136517.0839,
187307572,355,21st St N & N Pierce St,31093,38.898984,-77.078317,YES,NO,,,NO,3,12,393206.3848,136795.4315,
187307573,356,Lee Hwy & N Kirkwood Rd,31094,38.895377,-77.09713,YES,NO,,,NO,10,4,391574.024,136396.5942,
187307574,357,19th & G St NW,31279,38.898412,-77.043182,YES,NO,,,NO,9,14,396254.1432,136729.9067,
187307575,358,2nd St & Seaton Pl NE,31522,38.914751,-77.00356,YES,NO,,,NO,6,13,399691.2557,138542.7889,
187307576,359,Wilson Blvd & N Illinois St,31902,38.876528,-77.12712,YES,NO,,,NO,9,6,388969.4952,134307.4068,
187307577,364,Army Navy Dr & S Nash St,31095,38.86215,-77.068121,YES,NO,,,NO,4,7,394087.7864,132705.8679,
187307578,365,31st & Water St NW,31293,38.902814,-77.061043,YES,NO,,,NO,7,11,394705.1035,137219.4484,
187307579,367,11th & S St NW,31280,38.913761,-77.027025,YES,NO,,,NO,16,7,397656.1993,138433.2316,
187307580,368,S Walter Reed Dr & 8th St S,31096,38.86612,-77.08787,YES,NO,,,NO,11,3,392374.1977,133148.0312,
187307581,369,2nd & G St NE,31639,38.89967,-77.003666,YES,NO,,,NO,10,12,399681.9955,136868.6752,
187307582,370,8th & O St NW,31281,38.90864,-77.02277,YES,NO,,,NO,13,6,398025.0815,137864.6578,
187307583,371,Georgia & Missouri Ave NW,31411,38.961339,-77.027855,YES,NO,,,NO,8,11,397585.8274,143714.8292,
187307584,373,Oklahoma Ave & D St NE,31712,38.894474,-76.974828,YES,NO,,,NO,15,4,402183.6857,136292.1726,
187307585,374,Maryland Ave & E St NE,31640,38.896134,-76.9929,YES,NO,,,NO,8,11,400615.9148,136476.1686,
187307586,375,New York Ave & Hecht Ave NE,31518,38.915604,-76.983683,YES,NO,,,NO,10,12,401415.09,138637.5995,
187307587,376,Yuma St & Tenley Circle NW,31316,38.946182,-77.08059,YES,NO,,,NO,4,15,393013.8386,142034.9791,
187307588,377,Connecticut Ave & Chevy Chase Lake Dr,32051,38.994113,-77.076986,YES,NO,,,NO,7,8,393330.7482,147355.5038,
187307589,378,Key West Ave & Siesta Key Way,32052,39.105295,-77.194774,YES,NO,,,NO,9,6,383153.1879,159713.1322,
187307590,379,Lee Hwy & N Woodstock St,31900,38.898301,-77.118009,YES,NO,,,NO,9,9,389763.2023,136723.3155,
187307591,380,Saint Asaph & Madison St,31097,38.812718,-77.044097,YES,NO,,,NO,9,6,396170.1757,127217.2968,
187307592,381,King St Metro North / Cameron St,31098,38.80704,-77.059817,YES,NO,,,NO,10,4,394804.4809,126587.7799,
187307593,382,Madison & N Henry St,31099,38.813485,-77.049468,YES,NO,,,NO,6,8,395703.7505,127302.6778,
187307594,383,Medical Center Metro,32053,38.999378,-77.097882,YES,NO,,,NO,3,15,391521.1673,147941.7054,
187307595,384,Washington Blvd & N Frederick St,31901,38.884829,-77.127671,YES,NO,,,NO,7,4,388922.9724,135228.947,
187307596,385,Wisconsin Ave & Ingomar St NW,31317,38.958267,-77.084636,YES,NO,,,NO,6,13,392664.3441,143376.841,
187307597,386,16th & Irving St NW,31122,38.928893,-77.03625,YES,NO,,,NO,7,12,396856.8086,140113.2886,
187307598,387,16th & R St NW,31282,38.912652,-77.036278,YES,NO,,,NO,11,7,396853.6643,138310.4017,
187307599,388,Lyttonsville Rd & Lyttonsville Pl,32054,38.999679,-77.051168,YES,NO,,,NO,7,8,395567.6923,147971.816,
187307600,389,Woodmont Ave & Strathmore St,32055,38.979875,-77.093522,YES,NO,,,NO,4,7,391896.6255,145776.2839,
187307601,390,14th & L St NW,31283,38.903658,-77.031737,YES,NO,,,NO,12,6,397247.1512,137311.8475,
187307602,391,1st & O St NW,31519,38.908643,-77.012365,YES,NO,,,NO,4,11,398927.5421,137864.8171,
187307603,392,South Capitol & Atlantic St SW,31811,38.831516,-77.008133,YES,NO,,,NO,16,3,399293.8349,129303.1048,
187307604,393,18th & C St NW,31284,38.893511,-77.041544,YES,NO,,,NO,11,6,396395.9852,136185.791,
187307605,394,22nd & P ST NW,31285,38.909394,-77.048728,YES,NO,,,NO,10,9,395773.7018,137949.2396,
187307606,395,East West Hwy & 16th St,32056,38.995681,-77.038721,YES,NO,,,NO,6,13,396645.6961,147527.4668,
187307607,396,Royal & Wilkes St,31903,38.799267,-77.0447,YES,NO,,,NO,6,9,396117.074,125724.1768,
187307608,397,14th & Girard St NW,31123,38.925284,-77.032375,YES,NO,,,NO,8,15,397192.6628,139712.5324,
187307609,398,Potomac Ave & Main Line Blvd,31910,38.822738,-77.049265,YES,NO,,,NO,11,8,395721.9352,128329.8113,
187307610,399,11th & O St NW,31286,38.90843,-77.02714,YES,NO,,,NO,12,7,397646.0498,137841.4497,
187307611,400,10th St & L'Enfant Plaza SW,31287,38.884377,-77.025791,YES,NO,,,NO,8,15,397762.299,135171.3418,
187307612,401,Connecticut Ave & Yuma St NW,31318,38.947156,-77.065115,YES,NO,,,NO,11,8,394355.4076,142142.0313,
187307613,402,2nd St & Massachusetts Ave NE,31641,38.894972,-77.003135,YES,NO,,,NO,4,19,399728.0388,136347.1581,
187307614,403,Radford & Osage St,31908,38.828437,-77.086031,YES,NO,,,NO,10,13,392529.8532,128964.8036,
187307615,404,East Falls Church Metro/Sycamore St & 19th St N,31904,38.884859,-77.155988,YES,NO,,,NO,10,9,386466.1326,135236.0943,
187307616,405,Kennebec St & 11th St N,31905,38.880992,-77.135271,YES,NO,,,NO,6,9,388262.9483,134803.9606,
187307617,406,Commonwealth Ave & Oak St,31906,38.812711,-77.061715,YES,NO,,,NO,8,11,394640.0521,127217.4066,
187307618,407,Commonwealth & E Monroe Ave,31913,38.820058,-77.062821,YES,NO,,,NO,7,8,394544.5573,128033.0364,
187307619,408,4th St & Madison Dr NW,31288,38.890493,-77.017253,YES,NO,,,NO,9,9,398503.2087,135850.0906,
187307620,409,Henry Bacon Dr & Lincoln Memorial Circle NW,31289,38.890544,-77.049379,YES,NO,,,NO,12,6,395716.1071,135856.7692,
187307621,410,17th St & Independence Ave SW,31290,38.888097,-77.038325,YES,NO,,,NO,8,10,396674.9868,135584.6724,
187307622,411,Franklin & S Washington St,31907,38.798133,-77.0487,YES,NO,,,NO,15,4,395769.5415,125598.4735,
187307623,412,Mount Vernon Ave & Four Mile Run Park,31909,38.843422,-77.064016,YES,NO,,,NO,5,10,394442.601,130626.6693,
187307624,413,New Jersey Ave & L St NW,31642,38.903598,-77.01397,YES,NO,,,NO,15,8,398788.2493,137304.8012,
187307625,414,Mount Vernon Ave & Bruce St,31912,38.841291,-77.063093,YES,NO,,,NO,6,9,394522.5655,130390.0578,
187307626,415,Lee Center,31914,38.797557,-77.053766,YES,NO,,,NO,10,5,395329.432,125534.781,
187307627,416,Powhatan St & Bashford Ln,31915,38.818748,-77.047783,YES,NO,,,NO,11,4,395850.397,127886.8268,
187307628,417,Potomac & Swann Ave,31916,38.829545,-77.047844,YES,NO,,,NO,16,2,395845.7278,129085.3677,
187307629,418,14th & Irving St NW,31124,38.928552,-77.032224,YES,NO,,,NO,9,22,397205.8846,140075.3037,
187307630,419,16th & K St NW,31291,38.90268,-77.035737,YES,NO,,,NO,16,7,396900.151,137203.4098,
187307631,420,Wisconsin Ave & Brandywine St NW,31319,38.949813,-77.080217,YES,NO,,,NO,9,16,393046.5273,142438.0242,
187307632,421,24th & R St NE / National Arboretum,31520,38.91263,-76.971923,YES,NO,,,NO,11,8,402435.0762,138307.7088,
187307633,422,Division Ave & Foote St NE,31713,38.897407,-76.925907,YES,NO,,,NO,7,8,406427.3461,136620.0661,
187307634,423,16th & Q St SE / Anacostia HS,31812,38.870695,-76.982359,YES,NO,,,NO,10,13,401530.8771,133652.3679,
187307635,424,Spring Hill Metro,32200,38.929261,-77.240654,YES,NO,,,NO,8,7,379133.3291,140181.02,
187307636,425,Westpark Dr & Leesburg Pike,32201,38.92403,-77.235955,YES,NO,,,NO,4,7,379539.269,139599.2725,
187307637,427,Tysons One Pl & Chain Bridge Rd,32203,38.919475,-77.221179,YES,NO,,,NO,7,4,380819.3354,139090.4224,
187307638,428,Tysons Corner Station,32204,38.920939,-77.222115,YES,NO,,,NO,3,8,380738.561,139253.1354,
187307639,429,Westpark & Jones Branch Dr,32205,38.924437,-77.217664,YES,NO,,,NO,5,6,381125.4694,139640.5122,
187307640,430,Jones Branch & Westbranch Dr,32206,38.931911,-77.219261,YES,NO,,,NO,5,8,380988.98,140470.5194,
187307641,431,Westpark & Park Run Dr,32207,38.928919,-77.225394,YES,NO,,,NO,7,4,380456.3994,140139.6776,
187307642,432,Tysons West Transit Center,32208,38.932636,-77.231825,YES,NO,,,NO,5,6,379899.8254,140553.6918,
187307643,433,North Shore & Cameron Crescent Dr/Crescent Apartments,32209,38.970046,-77.338686,YES,NO,,,NO,4,7,370649.9832,144735.4649,
187307644,434,Town Center Pkwy & Bowman Towne Dr,32210,38.962524,-77.361902,YES,NO,,,NO,9,6,368634.8196,143908.1787,
187307645,435,Reston Regional Library,32211,38.962095,-77.358815,YES,NO,,,NO,10,5,368902.1739,143859.4999,
187307646,436,New Dominion Pkwy & Fountain Dr,32212,38.960574,-77.356324,YES,NO,,,NO,9,6,369117.4041,143689.8105,
187307647,437,Sunset Hills & Old Reston Ave,32213,38.955079,-77.351649,YES,NO,,,NO,8,7,369520.2345,143078.2481,
187307648,438,Reston Town Center Transit Station,32214,38.957037,-77.359718,YES,NO,,,NO,8,9,368821.7005,143298.3275,
187307649,439,1st & D St SE,31643,38.884916,-77.005965,YES,NO,,,NO,10,9,399482.4634,135230.8757,
187307650,440,Reston Station,32215,38.948363,-77.338119,YES,NO,,,NO,12,23,370690.2031,142328.2857,
187307651,441,Library St & Freedom Dr,32216,38.959633,-77.358741,YES,NO,,,NO,11,8,368907.5133,143586.172,
187307652,442,Sunset Hills Rd & Discovery Square,32217,38.95534,-77.357611,YES,NO,,,NO,6,9,369003.5843,143109.2288,
187307653,443,22nd St & Constitution Ave NW,31292,38.892441,-77.048947,YES,NO,,,NO,3,20,395753.6983,136067.3308,
187307654,444,61st St & Banks Pl NE,31714,38.891805,-76.913563,YES,NO,,,NO,6,11,407498.7397,135999.1416,
187307655,445,Temporary Rd & Old Reston Ave,32218,38.960084,-77.353414,YES,NO,,,NO,7,8,369369.4019,143634.4359,
187307656,446,Reston YMCA,32219,38.955314,-77.368416,YES,NO,,,NO,10,5,368067.0397,143110.0668,
187307657,447,Sunset Hills Rd & Isaac Newton Square,32220,38.951443,-77.340377,YES,NO,,,NO,5,6,370495.7444,142670.9186,
187307658,448,N Lynn St & Fairfax Dr,31917,38.89386,-77.070862,YES,NO,,,NO,9,5,393852.6278,136226.0986,
187307659,449,Georgia Ave & Piney Branch Rd NW,31414,38.967505,-77.027976,YES,NO,,,NO,3,12,397575.5502,144399.3161,
187307660,450,Greensboro & International Dr,32221,38.923083,-77.227417,YES,NO,,,NO,4,7,380279.3743,139492.2688,
187307661,451,Madison & Fairfax St,31918,38.812351,-77.040691,YES,NO,,,NO,7,8,396465.9686,127176.4201,
187307662,452,Sligo Ave & Carroll Ln,32058,38.990874,-77.016311,YES,NO,,,NO,6,9,398586.9233,146993.2565,
187307663,453,15th & W St NW,31125,38.919086,-77.034502,YES,NO,,,NO,11,7,397007.964,139024.5695,
187307664,454,12th St & Pennsylvania Ave SE,31644,38.882489,-76.990121,YES,NO,,,NO,12,6,400857.153,134961.4895,
187307665,455,3rd St & Riggs Rd NE,31412,38.957463,-77.002239,YES,NO,,,NO,8,7,399805.9369,143284.1914,
187307666,456,Carlin Springs Rd & N Thomas St,31919,38.876695,-77.112982,YES,NO,,,NO,7,8,390196.3054,134324.3317,
187307667,457,Towers Crescent Dr & Tysons One Pl,32222,38.915246,-77.220157,YES,NO,,,NO,5,6,380906.8311,138620.7552,
187307668,458,6th & K St NE,31645,38.902877,-76.998405,YES,NO,,,NO,13,6,400138.3509,137224.6728,
187307669,459,Pooks Hill Rd & Linden Ave,32057,39.014716,-77.107143,YES,NO,,,NO,10,5,390720.9504,149645.2817,
187307670,460,Takoma Park Rec Center,32059,38.98265,-76.988311,YES,NO,,,NO,11,4,401012.7742,146080.2499,
187307671,461,New Hampshire & Kirklynn Ave,32061,38.988101,-76.988422,YES,NO,,,NO,9,6,401003.0801,146685.3633,
187307672,462,Wheaton Metro/Georgia Ave & Reedie Dr,32062,39.038341,-77.051023,YES,NO,,,NO,10,9,395582.6515,152263.7011,
187307673,463,Amherst Ave & Elkins St,32063,39.044887,-77.047788,YES,NO,,,NO,6,9,395863.104,152990.2285,
187307674,464,Amherst Ave & Prichard Rd,32064,39.035965,-77.048395,YES,NO,,,NO,8,7,395810.0324,151999.8149,
187307675,465,Grandview & Blueridge Ave,32065,39.043272,-77.053085,YES,NO,,,NO,6,8,395404.4508,152811.1988,
187307676,466,Windham Ln & Amherst Ave,32066,39.032029,-77.04735,YES,NO,,,NO,12,3,395900.2803,151562.8283,
187307677,467,North Shore Dr & Village Rd,32223,38.970412,-77.340787,YES,NO,,,NO,4,7,370468.0662,144776.7717,
187307678,468,Town Center Pkwy & Sunset Hills Rd,32224,38.955171,-77.363094,YES,NO,,,NO,8,3,368528.2658,143092.3444,
187307679,469,3rd & Underwood St NW,31413,38.968834,-77.016258,YES,NO,,,NO,8,11,398591.0791,144546.6017,
187307680,470,18th & Monroe St NE,31521,38.93293,-76.979517,YES,NO,,,NO,16,3,401775.9544,140561.0057,
187307681,471,7th & E St SW,31294,38.88345,-77.021741,YES,NO,,,NO,7,11,398113.6641,135068.3461,
187307682,472,Shady Grove Metro East,32067,39.121327,-77.164969,YES,NO,,,NO,4,15,385734.3593,161487.8106,
187307683,473,Potomac & M St NW,31295,38.905368,-77.065149,YES,NO,,,NO,3,16,394349.1497,137503.2092,
187307684,474,Columbia & Ontario Rd NW,31296,38.924088,-77.040787,YES,NO,,,NO,7,15,396463.1728,139580.0585,
187307685,475,Washington-Lee High School / N Stafford St & Generals Way,31920,38.888282,-77.111066,YES,NO,,,NO,8,7,390364.1257,135610.3726,
187307686,476,Westover Library / Washington Blvd & N McKinley Rd,31921,38.886048,-77.142317,YES,NO,,,NO,11,4,387652.4639,135366.1444,
187307687,477,Columbia Pike & S Taylor St,31923,38.858524,-77.103728,YES,NO,,,NO,7,8,390997.0028,132306.2646,
187307688,478,Columbus Ave & Tribeca St,32068,39.126,-77.1673,YES,NO,,,NO,3,8,385533.7378,162006.9418,
187307689,479,Columbus Ave & Gramercy Blvd,32069,39.12333,-77.16486,YES,NO,,,NO,7,4,385744.1866,161710.1528,
187307690,480,Reston Pkwy & Spectrum Dr,32225,38.964208,-77.35428,YES,NO,,,NO,5,10,369296.1222,144092.5258,
187307691,481,Key West Ave & Great Seneca Hwy,32070,39.105642,-77.20386,YES,NO,,,NO,4,7,382367.3894,159753.3694,
187307692,482,Virginia Ave & 25th St NW,31297,38.8995,-77.054155,YES,NO,,,NO,4,15,395302.3534,136851.1909,
187307693,483,15th & M St NW,31298,38.905424,-77.034674,YES,NO,,,NO,8,11,396992.472,137507.9804,
187307694,484,11th & Girard St NW,31126,38.925636,-77.027112,YES,NO,,,NO,4,15,397649.0456,139751.4587,
187307695,485,Connecticut Ave & R St NW,31299,38.912644,-77.04564,YES,NO,,,NO,18,1,396041.7119,138309.8779,
187307696,486,Wilson Blvd & N Troy St,31924,38.892556,-77.082089,YES,NO,,,NO,3,12,392878.5408,136082.1603,
187307697,487,Nebraska Ave/AU East Campus,31320,38.936298,-77.087128,YES,NO,,,NO,0,19,392446.0274,140938.2887,
187307698,488,15th St & Constitution Ave NW,31321,38.892244,-77.033234,YES,NO,,,NO,13,6,397116.841,136044.8487,
187307699,489,22nd & H St NW,31127,38.899104,-77.048946,YES,NO,,,NO,4,13,395754.1817,136806.9765,
187307700,490,23rd & M St NW,31128,38.905303,-77.050264,YES,NO,,,NO,1,16,395640.2307,137495.1775,
187307701,491,Corporate Blvd & Omega Dr,32071,39.106971,-77.192645,YES,NO,,,NO,8,7,383337.7263,159898.7985,
187307702,492,Key West Ave & Diamondback Dr,32072,39.106152,-77.202354,YES,NO,,,NO,7,4,382497.7742,159809.696,
187307703,493,Alabama Ave & Stanton Rd SE / Shops at Park Village,31813,38.84627,-76.98185,YES,NO,,,NO,6,13,401575.587,130941.0252,
187307704,494,Mississippi Ave & 19th St SE / THEARC,31814,38.84377,-76.97557,YES,NO,,,NO,12,7,402120.823,130663.635,
187307705,495,19th & Savannah St SE,31815,38.84623,-76.97703,YES,NO,,,NO,3,8,401994.0084,130936.6792,
187307706,496,4th St & Mississippi Ave SE,31816,38.836,-77.0009,YES,NO,,,NO,8,11,399921.8605,129800.8281,
187307707,497,1st & S Capitol St SE / Oxon Run Trail,31817,38.824481,-77.005497,YES,NO,,,NO,13,6,399522.6642,128522.1558,
187307708,498,Livingston Rd & 3rd St SE,31818,38.82373,-77.00223,YES,NO,,,NO,9,5,399806.3544,128438.7778,
187307709,499,Joliet St & MLK Ave SW/Bald Eagle Rec Ctr,31819,38.81909,-77.01033,YES,NO,,,NO,9,10,399102.9195,127923.7558,
187307710,500,37th & Ely Pl SE / Fort Dupont Ice Arena,31715,38.883011,-76.949709,YES,NO,,,NO,8,7,404363.4744,135020.5911,
187307711,501,15th St & Pennsylvania Ave NW/Pershing Park,31129,38.89635,-77.03338,YES,NO,,,NO,9,9,397104.3417,136500.6518,
187307712,505,Maine Ave & 9th St SW,31646,38.88044,-77.025236,YES,NO,,,NO,7,7,397810.3316,134734.2911,
187307713,506,Lincoln Rd & Seaton Pl NE/Harry Thomas Rec Center,31523,38.915,-77.0078,YES,NO,,,NO,12,6,399323.5401,138570.4529,
187307714,507,Blueridge Ave & Elkins St,32073,39.04313,-77.05006,YES,NO,,,NO,8,7,395666.3153,152795.2872,
187307715,508,Georgia Ave & Kennedy St NW,31415,38.95674,-77.02791,YES,NO,,,NO,7,12,397580.9045,143204.2991,
187307716,509,7th St & Massachusetts Ave NE,31647,38.89222,-76.99602,YES,NO,,,NO,15,4,400345.2782,136041.6672,
187307717,1,Eads St & 15th St S,31000,38.858971,-77.05323,YES,NO,,,NO,13,1,395379.9686,132352.1169,
187307718,2,18th & Eads St.,31001,38.85725,-77.05332,YES,NO,,,NO,6,4,395372.0456,132161.0781,
187307719,3,20th & Crystal Dr,31002,38.856425,-77.049232,YES,NO,,,NO,6,11,395726.8176,132069.2979,
187307720,4,15th & Crystal Dr,31003,38.86017,-77.049593,YES,NO,,,NO,6,5,395695.7098,132485.0368,
187307721,5,Aurora Hills Community Ctr/18th & Hayes St,31004,38.857866,-77.05949,YES,NO,,,NO,10,1,394836.5599,132229.7894,
187307722,6,Pentagon City Metro / 12th & S Hayes St,31005,38.862303,-77.059936,YES,NO,,,NO,2,17,394798.1726,132722.3538,
187307723,7,S Joyce & Army Navy Dr,31006,38.8637,-77.0633,YES,NO,,,NO,14,1,394506.3197,132877.628,
187307724,8,Crystal City Metro / 18th & Bell St,31007,38.857405,-77.051132,YES,NO,,,NO,15,3,395561.9645,132178.1755,
187307725,9,12th & Army Navy Dr,31008,38.8629,-77.0528,YES,NO,,,NO,7,4,395417.5422,132788.2427,
187307726,10,27th & Crystal Dr,31009,38.848441,-77.051516,YES,NO,,,NO,5,14,395528.0734,131183.1266,
187307727,11,S Glebe & Potomac Ave,31010,38.8426,-77.0502,YES,NO,,,NO,9,2,395641.9543,130534.6713,
187307728,12,23rd & Crystal Dr,31011,38.8533,-77.0498,YES,NO,,,NO,7,10,395677.3277,131722.4273,
187307729,13,26th & S Clark St,31012,38.850688,-77.05152,YES,NO,,,NO,2,8,395527.867,131432.5597,
187307730,14,19th St & Pennsylvania Ave NW,31100,38.9003,-77.0429,YES,NO,,,NO,5,10,396278.704,136939.4783,
187307731,15,14th & V St NW,31101,38.9176,-77.0321,YES,NO,,,NO,14,13,397216.209,138859.5351,
187307732,16,11th & Kenyon St NW,31102,38.929464,-77.027822,YES,NO,,,NO,6,19,397587.6091,140176.4181,
187307733,17,16th & Harvard St NW,31103,38.926088,-77.036536,YES,NO,,,NO,14,19,396831.8853,139801.9194,
187307734,18,Adams Mill & Columbia Rd NW,31104,38.922925,-77.042581,YES,NO,,,NO,12,3,396307.5467,139451.0267,
187307735,19,14th & Harvard St NW,31105,38.9268,-77.0322,YES,NO,,,NO,7,11,397207.897,139880.816,
187307736,20,Calvert & Biltmore St NW,31106,38.923203,-77.047637,YES,NO,,,NO,4,19,395869.1268,139482.1037,
187307737,21,Lamont & Mt Pleasant NW,31107,38.9319,-77.0388,YES,NO,,,NO,5,14,396635.8432,140447.1824,
187307738,22,4th & M St SW,31108,38.8767,-77.0178,YES,NO,,,NO,18,5,398455.4549,134318.9706,
187307739,23,15th & P St NW,31201,38.90985,-77.034438,YES,NO,,,NO,16,1,397013.1273,137999.2948,
187307740,24,14th & R St NW,31202,38.912939,-77.032085,YES,NO,,,NO,11,8,397217.328,138342.1249,
187307741,25,14th & Rhode Island Ave NW,31203,38.9086,-77.0323,YES,NO,,,NO,17,6,397198.511,137860.4668,
187307742,26,20th & E St NW,31204,38.8963,-77.045,YES,NO,,,NO,6,6,396096.3238,136495.5341,
187307743,27,21st & I St NW,31205,38.9008,-77.047,YES,NO,,,NO,8,27,395923.0843,136995.1574,
187307744,28,Georgia & New Hampshire Ave NW,31400,38.936043,-77.024649,YES,NO,,,NO,8,7,397862.9308,140906.6651,
187307745,29,14th St & Spring Rd NW,31401,38.9375,-77.0328,YES,NO,,,NO,3,16,397156.297,141068.6272,
187307746,30,John McCormack Dr & Michigan Ave NE,31502,38.9346,-76.9955,YES,NO,,,NO,7,4,400390.1581,140746.2006,
187307747,31,5th & K St NW,31600,38.90304,-77.019027,YES,NO,,,NO,4,14,398349.5948,137242.9379,
187307748,32,19th & East Capitol St SE,31601,38.8896,-76.9769,YES,NO,,,NO,10,4,402004.0754,135751.0727,
187307749,33,Park Rd & Holmead Pl NW,31602,38.9308,-77.0315,YES,NO,,,NO,3,16,397268.7481,140324.8292,
187307750,34,Good Hope & Naylor Rd SE,31700,38.8601,-76.9672,YES,NO,,,NO,5,6,402846.7901,132476.6085,
187307751,35,Connecticut Ave & Newark St NW / Cleveland Park,31305,38.934267,-77.057979,YES,NO,,,NO,7,4,394973.0937,140710.8214,
187307752,36,Randle Circle & Minnesota Ave SE,31702,38.878,-76.9607,YES,NO,,,NO,6,5,403410.0851,134463.8639,
187307753,37,Minnesota Ave Metro/DOES,31703,38.897063,-76.947446,YES,NO,,,NO,7,8,404558.9245,136580.5833,
187307754,38,Nannie Helen Burroughs & Minnesota Ave NE,31704,38.901385,-76.941877,YES,NO,,,NO,6,5,405041.7154,137060.6526,
187307755,39,Anacostia Metro,31801,38.862669,-76.994637,YES,NO,,,NO,5,5,400465.4508,132761.2885,
187307756,40,Good Hope Rd & MLK Ave SE,31802,38.867373,-76.988039,YES,NO,,,NO,3,7,401038.0179,133283.5213,
187307757,41,19th & E Street NW,31206,38.8952,-77.0436,YES,NO,,,NO,5,5,396217.7132,136373.3665,
187307758,42,4th & W St NE,31500,38.919077,-77.000648,YES,NO,,,NO,14,1,399943.805,139023.0053,
187307759,43,10th & U St NW,31111,38.9172,-77.0259,YES,NO,,,NO,13,1,397753.8756,138814.961,
187307760,44,Georgia Ave and Fairmont St NW,31207,38.9249,-77.0222,YES,NO,,,NO,7,4,398074.9584,139669.6414,
187307761,45,1st & N St  SE,31209,38.8743,-77.0057,YES,NO,,,NO,19,20,399505.3818,134052.4174,
187307762,46,20th St & Florida Ave NW,31110,38.9154,-77.0446,YES,NO,,,NO,10,3,396132.059,138615.7722,
187307763,47,7th & T St NW,31109,38.9155,-77.0222,YES,NO,,,NO,11,3,398074.7047,138626.1622,
187307764,48,Eads & 22nd St S,31013,38.854381,-77.053412,YES,NO,,,NO,10,5,395363.874,131842.6032,
187307765,49,M St & New Jersey Ave SE,31208,38.8763,-77.0037,YES,NO,,,NO,13,3,399678.9411,134274.4235,
187307766,51,Massachusetts Ave & Dupont Circle NW,31200,38.9101,-77.0444,YES,NO,,,NO,7,36,396149.1179,138027.4199,
187307767,52,1st & M St NE,31603,38.9057,-77.0056,YES,NO,,,NO,9,4,399514.2732,137538.0624,
187307768,53,21st & M St NW,31212,38.90534,-77.046774,YES,NO,,,NO,14,5,395942.9464,137499.1239,
187307769,54,17th & K St NW,31213,38.90276,-77.03863,YES,NO,,,NO,7,16,396649.2143,137212.3926,
187307770,55,3rd & H St NW,31604,38.899408,-77.015289,YES,NO,,,NO,5,10,398673.7621,136839.6958,
187307771,56,3rd & D St SE,31605,38.8851,-77.0023,YES,NO,,,NO,3,8,399800.4474,135251.2867,
187307772,57,Potomac & Pennsylvania Ave SE,31606,38.8803,-76.9862,YES,NO,,,NO,12,3,401197.3959,134718.5379,
187307773,58,14th & D St SE,31607,38.884,-76.9861,YES,NO,,,NO,5,10,401206.0102,135129.2676,
187307774,59,17th & Corcoran St NW,31214,38.9121,-77.0387,YES,NO,,,NO,11,7,396643.582,138249.2114,
187307775,60,Van Ness Metro / UDC,31300,38.944551,-77.063896,YES,NO,,,NO,6,9,394460.876,141852.7783,
187307776,61,Florida Ave & R St NW,31503,38.9126,-77.0135,YES,NO,,,NO,1,12,398829.1647,138304.0906,
187308097,62,8th & Eye St SE / Barracks Row,31608,38.8792,-76.9953,YES,NO,,,NO,7,4,400407.815,134596.3495,
187308098,63,Ward Circle / American University,31301,38.938736,-77.087171,YES,NO,,,NO,9,5,392442.5578,141208.9315,
187308099,64,Wisconsin Ave & Newark St NW,31302,38.934881,-77.072755,YES,NO,,,NO,8,11,393692.0368,140779.8981,
187308100,65,14th St Heights / 14th & Crittenden St NW,31402,38.947774,-77.032818,YES,NO,,,NO,6,5,397155.1464,142209.1331,
187308101,66,Anacostia Library,31804,38.865784,-76.9784,YES,NO,,,NO,4,6,401874.5662,133107.2844,
187308102,67,Pennsylvania & Minnesota Ave SE,31805,38.873057,-76.971015,YES,NO,,,NO,2,9,402515.2205,133914.8189,
187308103,68,Eastern Market / 7th & North Carolina Ave SE,31610,38.886952,-76.996806,YES,NO,,,NO,12,3,400277.1106,135456.8754,
187308104,69,14th St & New York Ave NW,31216,38.899632,-77.031686,YES,NO,,,NO,14,8,397251.4198,136864.9275,
187308105,70,Benning Branch Library,31705,38.894,-76.947974,YES,NO,,,NO,8,3,404513.3156,136240.5398,
187308106,71,USDA / 12th & Independence Ave SW,31217,38.887237,-77.028226,YES,NO,,,NO,20,19,397551.1296,135488.8864,
187308107,72,Georgetown Harbor / 30th St NW,31215,38.902221,-77.059219,YES,NO,,,NO,7,12,394863.2754,137153.5164,
187308108,73,12th & Newton St NE,31501,38.933668,-76.991016,YES,NO,,,NO,4,7,400778.9391,140642.7692,
187308109,74,US Dept of State / Virginia Ave & 21st St NW,31220,38.894919,-77.046587,YES,NO,,,NO,3,12,395958.5759,136342.3012,
187308110,75,L'Enfant Plaza / 7th & C St SW,31218,38.886266,-77.022241,YES,NO,,,NO,9,6,398070.3583,135380.9543,
187308111,76,10th St & Constitution Ave NW,31219,38.893028,-77.026013,YES,NO,,,NO,18,12,397743.3113,136131.6756,
187308112,77,Kennedy Center,31211,38.897293,-77.05557,YES,NO,,,NO,8,10,395179.4608,136606.2701,
187308113,78,Eastern Market Metro / Pennsylvania Ave & 7th St SE,31613,38.884,-76.995397,YES,NO,,,NO,2,17,400399.3716,135129.1858,
187308114,79,18th & M St NW,31221,38.905067,-77.041779,YES,NO,,,NO,16,11,396376.1856,137468.6086,
187308115,80,Tenleytown / Wisconsin Ave & Albemarle St NW,31303,38.947607,-77.079382,YES,NO,,,NO,5,10,393118.6949,142193.0751,
187308116,81,13th & H St NE,31611,38.900022,-76.988422,YES,NO,,,NO,14,12,401004.3202,136907.8073,
187308117,82,5th & F St NW,31620,38.897222,-77.019347,YES,NO,,,NO,13,18,398321.7011,136597.0991,
187308118,83,New York Ave & 15th St NW,31222,38.8991,-77.0337,YES,NO,,,NO,7,11,397076.6949,136805.9339,
187308119,84,Convention Center / 7th & M St NW,31223,38.905737,-77.02227,YES,NO,,,NO,19,4,398068.3695,137542.3904,
187308120,85,Harvard St & Adams Mill Rd NW,31112,38.927872,-77.043358,YES,NO,,,NO,6,9,396240.4292,140000.2176,
187308121,86,19th & L St NW,31224,38.903407,-77.043648,YES,NO,,,NO,7,8,396213.9848,137284.411,
187308122,87,C & O Canal & Wisconsin Ave NW,31225,38.90375,-77.06269,YES,NO,,,NO,10,12,394562.3134,137323.4488,
187308123,88,Maine Ave & 7th St SW,31609,38.878694,-77.023054,YES,NO,,,NO,13,6,397999.6097,134540.4217,
187308124,89,D St & Maryland Ave NE,31612,38.894758,-76.997114,YES,NO,,,NO,11,12,400250.3612,136323.4017,
187308125,90,34th St & Wisconsin Ave NW,31226,38.916442,-77.0682,YES,NO,,,NO,3,7,394085.4325,138732.7073,
187308126,91,13th St & New York Ave NW,31227,38.900283,-77.029822,YES,NO,,,NO,8,15,397413.1348,136937.1393,
187308127,92,8th & H St NW,31228,38.8997,-77.023086,YES,NO,,,NO,11,21,397997.4227,136872.2523,
187308128,93,10th & Monroe St NE,31504,38.932514,-76.992889,YES,NO,,,NO,8,3,400616.5545,140514.6508,
187308129,94,Eckington Pl & Q St NE,31505,38.910972,-77.00495,YES,NO,,,NO,4,19,399570.6839,138123.2943,
187308130,95,6th & H St NE,31615,38.899972,-76.998347,YES,NO,,,NO,12,11,400143.3877,136902.1946,
187308131,96,3rd & H St NE,31616,38.900412,-77.001949,YES,NO,,,NO,9,10,399830.9372,136951.0386,
187308132,97,Bladensburg Rd & Benning Rd NE,31617,38.900413,-76.982872,YES,NO,,,NO,6,9,401485.7403,136951.2872,
187308133,98,4th & East Capitol St NE,31618,38.889955,-77.000349,YES,NO,,,NO,2,8,399969.7221,135790.227,
187308134,99,Lincoln Park / 13th & East Capitol St NE,31619,38.890461,-76.988355,YES,NO,,,NO,15,9,401010.2674,135846.4614,
187308135,100,Branch & Pennsylvania Ave SE,31701,38.8692,-76.9599,YES,NO,,,NO,6,5,403479.9307,133487.0282,
187308136,101,13th & D St NE,31622,38.894832,-76.987633,YES,NO,,,NO,15,15,401072.8391,136331.685,
187308137,102,New Hampshire Ave & T St NW,31229,38.91554,-77.03818,YES,NO,,,NO,12,11,396688.8408,138631.0609,
187308138,103,Metro Center / 12th & G St NW,31230,38.898364,-77.027869,YES,NO,,,NO,16,23,397582.4798,136724.0614,
187308139,104,14th & D St NW / Ronald Reagan Building,31231,38.894514,-77.031617,YES,NO,,,NO,10,15,397257.2084,136296.7868,
187308140,105,7th & F St NW / National Portrait Gallery,31232,38.897296,-77.022201,YES,NO,,,NO,7,19,398074.1265,136605.3701,
187308141,106,17th & K St NW / Farragut Square,31233,38.902061,-77.038322,YES,NO,,,NO,12,23,396675.8978,137134.7868,
187308142,107,20th & O St NW / Dupont South,31234,38.908905,-77.04478,YES,NO,,,NO,10,8,396116.0948,137894.7812,
187308143,108,4th & D St NW / Judiciary Square,31621,38.895344,-77.016106,YES,NO,,,NO,9,4,398602.8121,136388.5716,
187308144,109,19th St & Constitution Ave NW,31235,38.8923,-77.0436,YES,NO,,,NO,13,20,396217.5594,136051.4436,
187308145,110,37th & O St NW / Georgetown University,31236,38.90774,-77.071652,YES,NO,,,NO,16,4,393785.3036,137766.9431,
187308146,111,11th & H St NE,31614,38.899983,-76.991383,YES,NO,,,NO,12,7,400747.4721,136903.4496,
187308147,112,25th St & Pennsylvania Ave NW,31237,38.903827,-77.053485,YES,NO,,,NO,9,6,395360.7536,137331.4883,
187308148,113,Columbus Circle / Union Station,31623,38.89696,-77.00493,YES,NO,,,NO,27,28,399572.3345,136567.8488,
187308149,114,North Capitol St & F St NW,31624,38.897446,-77.009888,YES,NO,,,NO,17,6,399142.246,136621.8335,
187308150,115,11th & M St NW,31266,38.905607,-77.027137,YES,NO,,,NO,5,14,397646.2168,137528.0736,
187308151,116,36th & Calvert St NW / Glover Park,31304,38.922581,-77.070334,YES,NO,,,NO,8,7,393900.8889,139414.3282,
187308152,117,14th & G St NW,31238,38.898069,-77.031823,YES,NO,,,NO,8,13,397239.4753,136691.4262,
187308153,118,Potomac Ave & 35th St S,31052,38.844015,-77.050537,YES,NO,,,NO,16,7,395612.7851,130691.7623,
187308154,124,Ohio Dr & West Basin Dr SW / MLK & FDR Memorials,31240,38.88412,-77.04657,YES,NO,,,NO,11,12,395959.4391,135143.5273,
187308155,125,11th & F St NW,31262,38.897857,-77.026975,YES,NO,,,NO,11,4,397660.014,136667.7571,
187308156,126,23rd & E St NW,31260,38.896104,-77.049882,YES,NO,,,NO,10,9,395672.8064,136473.9966,
187308157,127,Lynn & 19th St North,31014,38.897315,-77.070993,YES,NO,,,NO,5,25,393841.5616,136609.6397,
187308158,128,Rosslyn Metro / Wilson Blvd & Ft Myer Dr,31015,38.8946,-77.072305,YES,NO,,,NO,13,6,393727.5107,136308.3425,
187308159,129,Clarendon Blvd & Pierce St,31016,38.893438,-77.076389,YES,NO,,,NO,8,7,393373.1141,136179.64,
187308160,130,Wilson Blvd & N Uhle St,31017,38.891696,-77.0846,YES,NO,,,NO,7,7,392660.6158,135986.8924,
187308161,131,N Rhodes & 16th St N,31018,38.892164,-77.079375,YES,NO,,,NO,7,4,393113.9503,136038.437,
187308162,132,Fairfax Village,31706,38.86559,-76.952103,YES,NO,,,NO,4,11,404156.7748,133086.6177,
187308163,133,21st St & Constitution Ave NW,31261,38.892459,-77.046567,YES,NO,,,NO,10,5,395960.1716,136069.221,
187308164,134,Wilson Blvd & N Edgewood St,31019,38.889,-77.0925,YES,NO,,,NO,6,9,391974.9566,135688.2803,
187308165,135,Columbia Rd & Belmont St NW,31113,38.920669,-77.04368,YES,NO,,,NO,5,14,396212.126,139200.6367,
187308166,136,Rhode Island & Connecticut Ave NW,31239,38.905996,-77.039802,YES,NO,,,NO,14,9,396547.711,137571.6585,
187308167,137,Thomas Circle,31241,38.9059,-77.0325,YES,NO,,,NO,3,30,397181.0576,137560.7509,
187308168,138,Wilson Blvd & Franklin Rd,31020,38.8904,-77.0889,YES,NO,,,NO,3,8,392287.4339,135843.3808,
187308169,139,Clarendon Blvd & N Fillmore St,31021,38.8881,-77.09308,YES,NO,,,NO,13,1,391924.5356,135588.4245,
187308170,140,Clarendon Metro / Wilson Blvd & N Highland St,31022,38.88786,-77.094875,YES,NO,,,NO,0,17,391768.7767,135561.9429,
187308171,141,18th St & Pennsylvania Ave NW,31242,38.89968,-77.041539,YES,NO,,,NO,15,12,396396.7306,136870.5987,
187308172,142,4th & C St SW,31243,38.886372,-77.017701,YES,NO,,,NO,20,19,398464.2535,135392.635,
187308173,143,4th & E St SW,31244,38.88412,-77.017445,YES,NO,,,NO,9,10,398486.4164,135142.6413,
187308174,144,3rd & G St SE,31625,38.881185,-77.001828,YES,NO,,,NO,12,7,399841.3904,134816.6907,
187308175,145,7th & R St NW / Shaw Library,31245,38.912719,-77.022155,YES,NO,,,NO,8,7,398078.5324,138317.4472,
187308176,146,9th & Upshur St NW,31404,38.9418,-77.0251,YES,NO,,,NO,9,6,397824.0048,141545.7535,
187308177,147,1st & Rhode Island Ave NW,31506,38.915417,-77.012289,YES,NO,,,NO,7,8,398934.235,138616.7862,
187308178,148,Columbia Rd & Georgia Ave NW,31115,38.928121,-77.023795,YES,NO,,,NO,5,13,397936.7434,140027.2348,
187308179,149,California St & Florida Ave NW,31116,38.917761,-77.04062,YES,NO,,,NO,14,5,396477.3416,138877.7017,
187308180,150,Benning Rd & East Capitol St NE / Benning Rd Metro,31707,38.889935,-76.93723,YES,NO,,,NO,4,15,405445.6802,135789.879,
187308181,151,3000 Connecticut Ave NW / National Zoo,31307,38.930282,-77.055599,YES,NO,,,NO,6,9,395179.1755,140268.3235,
187308182,152,Anacostia Ave & Benning Rd NE / River Terrace,31708,38.896544,-76.96012,YES,NO,,,NO,7,8,403459.5128,136522.4136,
187308183,153,M St & Pennsylvania Ave NW,31246,38.905126,-77.056887,YES,NO,,,NO,8,11,395065.7567,137475.8662,
187308184,154,15th St & Massachusetts Ave SE,31626,38.88732,-76.983569,YES,NO,,,NO,9,6,401425.5418,135497.8497,
187308185,155,Congress Heights Metro,31806,38.844711,-76.987823,YES,NO,,,NO,4,11,401057.0987,130767.8792,
187308186,156,N Quincy St & Glebe Rd,31035,38.876393,-77.107735,YES,NO,,,NO,6,5,390651.5592,134290.257,
187308187,157,Barcroft Community Center,31033,38.850337,-77.100989,YES,NO,,,NO,9,2,391233.7268,131397.1831,
187308188,158,N Veitch  & 20th St N,31029,38.896923,-77.086502,YES,NO,,,NO,10,5,392496.1597,136567.2851,
187308189,159,10th & K St NW,31263,38.9024,-77.02622,YES,NO,,,NO,16,6,397725.6524,137172.0474,
187308190,160,Fairfax Dr & Wilson Blvd,31023,38.885801,-77.097745,YES,NO,,,NO,7,4,391519.5349,135333.6408,
187308191,161,Key Blvd & N Quinn St,31027,38.896015,-77.078107,YES,NO,,,NO,8,3,393224.3193,136465.8334,
187308192,162,1st & K St SE,31628,38.87861,-77.006004,YES,NO,,,NO,5,10,399479.0337,134530.8616,
187308193,163,39th & Calvert St NW / Stoddert,31306,38.922649,-77.077271,YES,NO,,,NO,15,4,393299.3438,139422.3631,
187308194,164,1st & Washington Hospital Center NW,31507,38.928743,-77.012457,YES,NO,,,NO,6,8,398919.8671,140096.0869,
187308195,165,Virginia Square Metro / N Monroe St & 9th St N,31024,38.882788,-77.103148,YES,NO,,,NO,3,16,391050.3869,134999.6906,
187308196,166,Central Library / N Quincy St & 10th St N,31025,38.88397,-77.10783,YES,NO,,,NO,8,3,390644.3093,135131.371,
187308197,167,Washington Blvd & 10th St N,31026,38.884734,-77.093485,YES,NO,,,NO,5,10,391889.0158,135214.8085,
187308198,168,Jefferson Dr & 14th St SW,31247,38.888553,-77.032429,YES,NO,,,NO,8,14,397186.5319,135635.0937,
187308199,169,Smithsonian-National Mall / Jefferson Dr & 12th St SW,31248,38.888767,-77.02858,YES,NO,,,NO,7,14,397520.47,135658.7378,
187308200,170,George Mason Dr & Wilson Blvd,31036,38.87887,-77.1207,YES,NO,,,NO,14,1,389526.9173,134566.6302,
187308201,171,6th St & Indiana Ave NW,31264,38.894573,-77.01994,YES,NO,,,NO,8,10,398270.1958,136303.0502,
187308202,172,N Veitch & Key Blvd,31028,38.893241,-77.086045,YES,NO,,,NO,5,6,392535.4181,136158.5167,
187308203,173,Lee Hwy & N Adams St,31030,38.89593,-77.089006,YES,NO,,,NO,9,9,392278.8363,136457.2631,
187308204,174,15th & N Scott St,31031,38.89054,-77.08095,YES,NO,,,NO,6,5,392977.1539,135858.2803,
187308205,175,Washington Blvd & 7th St N,31032,38.880834,-77.091129,YES,NO,,,NO,9,2,392092.9958,134781.6721,
187308206,176,Ballston Metro / N Stuart & 9th St N,31037,38.881044,-77.111768,YES,NO,,,NO,8,14,390302.2378,134806.9737,
187308207,177,N Randolph St & Fairfax Dr,31034,38.882629,-77.109366,YES,NO,,,NO,6,5,390510.8626,134982.6683,
187308208,178,Jefferson Memorial,31249,38.879819,-77.037413,YES,NO,,,NO,13,10,396753.7338,134665.7179,
187308209,179,Good Hope Rd & 14th St SE,31803,38.866611,-76.985238,YES,NO,,,NO,7,8,401281.1123,133198.9693,
187308210,180,Glebe Rd & 11th St N,31038,38.883921,-77.116817,YES,NO,,,NO,3,6,389864.5607,135126.891,
187308211,181,Wilson Blvd & N Quincy St,31039,38.880012,-77.107854,YES,NO,,,NO,6,9,390641.7079,134692.0054,
187308212,182,Fairfax Dr & Kenmore St,31040,38.884616,-77.10108,YES,NO,,,NO,1,10,391230.041,135202.4118,
187308213,183,Gallaudet / 8th St & Florida Ave NE,31508,38.90509,-76.9941,YES,NO,,,NO,11,8,400511.7523,137470.3491,
187308214,185,20th & L St NW,31250,38.903584,-77.044789,YES,NO,,,NO,5,14,396115.0244,137304.1074,
187308215,186,12th & L St NW,31251,38.903819,-77.0284,YES,NO,,,NO,10,9,397536.6062,137329.6244,
187308216,187,21st St & Pennsylvania Ave NW,31252,38.901539,-77.046564,YES,NO,,,NO,5,14,395960.946,137077.173,
187308217,188,19th & K St NW,31253,38.902204,-77.04337,YES,NO,,,NO,6,17,396238.035,137150.8568,
187308218,189,Prince St & Union St,31041,38.803124,-77.040363,YES,NO,,,NO,10,8,396494.0027,126152.1522,
187308219,190,Market Square / King St & Royal St,31042,38.804718,-77.043363,YES,NO,,,NO,6,9,396233.5018,126329.2156,
187308220,191,Saint Asaph St & Pendleton  St,31043,38.810743,-77.044664,YES,NO,,,NO,7,8,396120.8245,126998.0832,
187308221,192,King St & Patrick St,31044,38.805317,-77.049883,YES,NO,,,NO,6,9,395667.2127,126395.9976,
187308222,193,15th & K St NW,31254,38.902,-77.03353,YES,NO,,,NO,7,19,397091.5598,137127.8517,
187308223,194,Commerce St & Fayette St,31045,38.805648,-77.05293,YES,NO,,,NO,9,6,395402.5747,126432.8897,
187308224,195,Henry St & Pendleton St,31046,38.811456,-77.050276,YES,NO,,,NO,6,11,395633.4525,127077.4842,
187308225,196,Braddock Rd Metro,31047,38.814577,-77.052808,YES,NO,,,NO,9,20,395413.7448,127424.0593,
187308226,197,King St Metro South,31048,38.805767,-77.06072,YES,NO,,,NO,7,16,394725.9552,126446.5207,
187308227,198,24th & N St NW,31255,38.9066,-77.05152,YES,NO,,,NO,8,7,395531.3698,137639.2158,
187308228,199,10th & E St NW,31256,38.895914,-77.026064,YES,NO,,,NO,13,2,397738.9784,136452.0457,
187308229,200,22nd & I St NW / Foggy Bottom,31257,38.90088,-77.048911,YES,NO,,,NO,4,11,395757.3234,137004.1251,
187308230,201,Utah St & 11th St N,31049,38.883669,-77.113905,YES,NO,,,NO,4,7,390117.1807,135098.5978,
187308231,202,Barton St & 10th St N,31050,38.884961,-77.08777,YES,NO,,,NO,8,3,392384.8871,135239.515,
187308232,203,Arlington Blvd & N Queen St,31051,38.889365,-77.077294,YES,NO,,,NO,8,3,393294.2209,135727.5712,
187308233,204,Lincoln Memorial,31258,38.888251,-77.049426,YES,NO,,,NO,10,15,395711.8918,135602.2305,
187308234,206,20th St & Virginia Ave NW,31259,38.894722,-77.045128,YES,NO,,,NO,10,5,396085.1334,136320.3691,
187308235,207,5th St & Massachusetts Ave NW,31265,38.90093,-77.018677,YES,NO,,,NO,0,19,398379.906,137008.7047,
187308236,208,39th & Veazey St NW,31308,38.943837,-77.077078,YES,NO,,,NO,11,4,393318.066,141774.4003,
187308237,209,Fessenden St & Wisconsin Ave NW,31309,38.954812,-77.082426,YES,NO,,,NO,6,9,392855.5451,142993.1291,
187308238,210,3rd & M St NE,31627,38.90547,-77.00213,YES,NO,,,NO,8,15,399815.2497,137512.5178,
187308239,211,Columbia Pike & S Courthouse Rd,31053,38.863833,-77.080319,YES,NO,,,NO,8,7,393029.288,132893.5539,
187308240,212,Walter Reed Community Center / Walter Reed Dr & 16th St S,31054,38.857803,-77.086733,YES,NO,,,NO,7,4,392471.9951,132224.6897,
187308241,213,28th St S & S Meade St,31055,38.846222,-77.069275,YES,NO,,,NO,9,5,393986.2891,130937.822,
187308242,214,18th St & Wyoming Ave NW,31114,38.918809,-77.041571,YES,NO,,,NO,7,14,396394.9217,138994.0757,
187308243,215,5th & Kennedy St NW,31403,38.956556,-77.019814,YES,NO,,,NO,4,11,398282.6198,143183.69,
187308244,216,Georgia Ave & Emerson St NW,31405,38.949662,-77.027333,YES,NO,,,NO,12,7,397630.6806,142418.5615,
187308245,217,14th & Upshur St NW,31406,38.942016,-77.032652,YES,NO,,,NO,6,13,397169.3077,141569.9385,
187308246,218,14th St & Colorado Ave NW,31407,38.956432,-77.032947,YES,NO,,,NO,6,13,397144.3109,143170.2538,
187308247,219,S Troy St & 26th St S,31056,38.847977,-77.075104,YES,NO,,,NO,7,4,393480.4384,131133.0394,
187308248,220,S Four Mile Run Dr & S Shirlington Rd,31057,38.8444,-77.085931,YES,NO,,,NO,6,5,392540.2043,130736.7966,
187308249,221,S Oakland St & Columbia Pike,31058,38.860789,-77.09586,YES,NO,,,NO,3,8,391680.164,132556.9494,
187308250,222,S Four Mile Run & Walter Reed Dr,31059,38.84736,-77.095431,YES,NO,,,NO,2,9,391715.8392,131066.1963,
187308251,223,S Arlington Mill Dr & Campbell Ave,31060,38.84232,-77.089555,YES,NO,,,NO,12,3,392225.3731,130506.2046,
187308252,224,S Kenmore & 24th St S,31061,38.848454,-77.084918,YES,NO,,,NO,5,6,392628.5629,131186.7364,
187308253,225,13th St & Eastern Ave,32006,38.987,-77.029417,YES,NO,,,NO,7,8,397451.3679,146563.4885,
187308254,226,Wisconsin Ave & O St NW,31312,38.90849,-77.063586,YES,NO,,,NO,15,4,394484.9615,137849.681,
187308255,227,S George Mason Dr & 13th St S,31062,38.856511,-77.100248,YES,NO,,,NO,4,7,391298.8014,132082.4698,
187308256,228,Connecticut & Nebraska Ave NW,31310,38.955016,-77.069956,YES,NO,,,NO,9,14,393936.4269,143014.8728,
187308257,229,17th St & Massachusetts Ave NW,31267,38.908142,-77.038359,YES,NO,,,NO,8,11,396672.972,137809.8284,
187308258,230,15th & Euclid St  NW,31117,38.92333,-77.0352,YES,NO,,,NO,6,7,396947.6146,139495.7125,
187308259,231,8th & East Capitol St NE,31629,38.889988,-76.995193,YES,NO,,,NO,3,7,400417.0363,135793.9012,
187308260,232,New Jersey Ave & R St NW,31509,38.912659,-77.017669,YES,NO,,,NO,8,7,398467.5947,138310.7019,
187308261,233,15th & East Capitol St NE,31630,38.889908,-76.983326,YES,NO,,,NO,3,8,401446.5718,135785.1417,
187308262,234,8th & F St NE,31631,38.897274,-76.994749,YES,NO,,,NO,8,6,400455.5094,136602.7068,
187308263,235,18th St & Rhode Island Ave NE,31510,38.927095,-76.978924,YES,NO,,,NO,7,8,401827.5193,139913.282,
187308264,236,15th & F St NE,31632,38.897195,-76.983575,YES,NO,,,NO,11,8,401424.824,136594.0523,
187308265,237,12th & Irving St NE,31511,38.928644,-76.990955,YES,NO,,,NO,8,6,400784.2832,140085.0622,
187308266,239,Alabama & MLK Ave SE,31800,38.843591,-76.999435,YES,NO,,,NO,3,8,400049.049,130643.4811,
187308267,240,Pleasant St & MLK Ave SE,31807,38.863897,-76.990037,YES,NO,,,NO,6,5,400864.6665,132897.639,
187308268,241,Neal St & Trinidad Ave NE,31512,38.903732,-76.987211,YES,NO,,,NO,12,2,401109.3092,137319.6612,
187308269,242,12th & U St NW,31268,38.916787,-77.028139,YES,NO,,,NO,12,19,397559.6888,138769.172,
187308270,243,S George Mason Dr & Four Mile Run,31063,38.852248,-77.105022,YES,NO,,,NO,6,4,390883.8896,131609.7125,
187308271,244,S Stafford & 34th St S,31064,38.834108,-77.087323,YES,NO,,,NO,5,6,392418.2699,129594.429,
187308272,245,N Pershing Dr & Wayne St,31065,38.880705,-77.08596,YES,NO,,,NO,6,4,392541.4816,134766.9171,
187308273,246,Columbia Pike & S Orme St,31066,38.867262,-77.072315,YES,NO,,,NO,2,9,393724.2392,133273.6172,
187308274,247,3rd St & Pennsylvania Ave SE,31269,38.887378,-77.001955,YES,NO,,,NO,7,8,399830.3857,135504.1617,
187308275,248,8th & D St NW,31270,38.894851,-77.02324,YES,NO,,,NO,12,2,397983.9271,136333.9781,
187308276,249,3rd & Elm St NW,31118,38.917622,-77.01597,YES,NO,,,NO,8,6,398615.0427,138861.609,
187308277,250,Rhode Island Ave & V St NE,31513,38.918155,-77.004746,YES,NO,,,NO,7,12,399588.4184,138920.666,
187308278,251,Constitution Ave & 2nd St NW/DOL,31271,38.892275,-77.013917,YES,NO,,,NO,13,13,398792.6549,136047.8572,
187308279,252,Washington & Independence Ave SW/HHS,31272,38.886978,-77.013769,YES,NO,,,NO,23,8,398805.4057,135459.8469,
187308280,253,Independence Ave & L'Enfant Plaza SW/DOE,31633,38.887312,-77.025762,YES,NO,,,NO,11,4,397764.9071,135497.1487,
187308281,254,Hamlin & 7th St NE,31514,38.927497,-76.997194,YES,NO,,,NO,7,8,400243.3095,139957.7003,
187308282,255,Columbia Pike & S Walter Reed Dr,31067,38.862478,-77.086599,YES,NO,,,NO,5,6,392484.1179,132743.6373,
187308283,256,Columbia Pike & S Dinwiddie St / Arlington Mill Community Center,31068,38.856319,-77.11153,YES,NO,,,NO,10,5,390319.5351,132062.2923,
187308284,257,Pershing & N George Mason Dr,31069,38.871822,-77.107906,YES,NO,,,NO,7,4,390636.1213,133782.8596,
187308285,258,Fenton St & New York Ave,32001,38.985404,-77.023082,YES,NO,,,NO,1,14,398000.1753,146386.1589,
187308286,259,Bethesda Ave & Arlington Rd,32002,38.981103,-77.097426,YES,NO,,,NO,4,15,391558.5023,145912.9575,
187308287,260,Montgomery Ave & Waverly St,32003,38.983838,-77.09221,YES,NO,,,NO,4,7,392010.7503,146216.0997,
187308288,261,Fallsgrove Blvd & Fallsgrove Dr,32004,39.096312,-77.192672,YES,NO,,,NO,11,8,383332.8936,158715.5216,
187308289,262,Traville Gateway Dr & Gudelsky Dr,32005,39.093783,-77.202501,YES,NO,,,NO,11,8,382482.0138,158436.6119,
